[{"id":137,"time":1587123314,"name":"miqbalhanafri","content":"14"},{"id":138,"time":1587123315,"name":"miqbalhanafri","content":"15"},{"id":139,"time":1587123315,"name":"miqbalhanafri","content":"16"},{"id":140,"time":1587123316,"name":"miqbalhanafri","content":"17"},{"id":141,"time":1587123317,"name":"miqbalhanafri","content":"18"},{"id":142,"time":1587123319,"name":"miqbalhanafri","content":"19"},{"id":143,"time":1587123320,"name":"miqbalhanafri","content":"20"},{"id":144,"time":1587123328,"name":"miqbalhanafri","content":"21"},{"id":145,"time":1587123329,"name":"miqbalhanafri","content":"22"},{"id":146,"time":1587123330,"name":"miqbalhanafri","content":"23"},{"id":147,"time":1587123330,"name":"miqbalhanafri","content":"24"},{"id":148,"time":1587123331,"name":"miqbalhanafri","content":"25"},{"id":149,"time":1587123332,"name":"miqbalhanafri","content":"26"},{"id":150,"time":1587123333,"name":"miqbalhanafri","content":"27"},{"id":151,"time":1587123334,"name":"miqbalhanafri","content":"28"},{"id":152,"time":1587123335,"name":"miqbalhanafri","content":"29"},{"id":153,"time":1587123337,"name":"miqbalhanafri","content":"30"},{"id":154,"time":1587123339,"name":"miqbalhanafri","content":"31"},{"id":155,"time":1587123340,"name":"miqbalhanafri","content":"32"},{"id":156,"time":1587123341,"name":"miqbalhanafri","content":"33"},{"id":157,"time":1587123342,"name":"miqbalhanafri","content":"34"},{"id":158,"time":1587123343,"name":"miqbalhanafri","content":"35"},{"id":159,"time":1587123344,"name":"miqbalhanafri","content":"36"},{"id":160,"time":1587123346,"name":"miqbalhanafri","content":"37"},{"id":161,"time":1587123347,"name":"miqbalhanafri","content":"38"},{"id":162,"time":1587123348,"name":"miqbalhanafri","content":"39"},{"id":163,"time":1587123350,"name":"miqbalhanafri","content":"40"},{"id":164,"time":1587123358,"name":"miqbalhanafri","content":"41"},{"id":165,"time":1587123360,"name":"miqbalhanafri","content":"42"},{"id":166,"time":1587123361,"name":"miqbalhanafri","content":"43"},{"id":167,"time":1587123361,"name":"miqbalhanafri","content":"44"},{"id":168,"time":1587123362,"name":"miqbalhanafri","content":"45"},{"id":169,"time":1587123363,"name":"miqbalhanafri","content":"56"},{"id":170,"time":1587123364,"name":"miqbalhanafri","content":"57"},{"id":171,"time":1587123370,"name":"miqbalhanafri","content":"48"},{"id":172,"time":1587123371,"name":"miqbalhanafri","content":"49"},{"id":173,"time":1587123372,"name":"miqbalhanafri","content":"50"},{"id":174,"time":1587123445,"name":"miqbalhanafri","content":"51"},{"id":175,"time":1587123478,"name":"miqbalhanafri","content":"This is my idea"},{"id":176,"time":1587123478,"name":"miqbalhanafri","content":"This is my idea"},{"id":177,"time":1587123485,"name":"miqbalhanafri","content":"I like it so much"},{"id":178,"time":1587123497,"name":"miqbalhanafri","content":"Thank you for attention"},{"id":179,"time":1587123508,"name":"miqbalhanafri","content":"Please, don;t give up"},{"id":180,"time":1587123520,"name":"miqbalhanafri","content":"We must keep the best"},{"id":181,"time":1587123526,"name":"miqbalhanafri","content":"Just do it"},{"id":182,"time":1587123542,"name":"miqbalhanafri","content":"\u6211\u559c\u6b61\u559d\u8336"},{"id":183,"time":1587125345,"name":"miqbalhanafri","content":"This is group 4"},{"id":184,"time":1587125457,"name":"miqbalhanafri","content":"Welcome to the group 5 discussion room"},{"id":185,"time":1587132061,"name":"Admin","content":"Testing"},{"id":186,"time":1597809527,"name":"Ikeba","content":"Try"}]